BURGER DORIS,4393786053301
LES POMMES BURGER,845355239
HEIDENSTEIN ZERR GAEC,393152715
ROLLI EARL,377599428
ROTHGERBER SARL,813164977
HERRMANN GAEC,388827610
SCHMITT SEBASTIEN EARL,520841701
VERGERS GRANDIEU,905024113
BAPST EARL,388827537
CHANTS DE LA TERRE SNC,483400495
EARL DU KREBSBACH,439648569
FRIEH FERME,812369478
HORRENBERGER FERME ,519880694
ERIC ET CAROLINE SARL,519960413
PULVERMUHLE EARL,330176959
SAINT ANDRE FERME ,834856106
EARL WURTZ JACQUES,799664552
SUSSMANN FDC DISTRIBUTION,444448054
SAPAM STRASBOURG,443583323
SAPAM MULHOUSE,400072740
SAPAM FRANCHE COMTE,534716832
SAPAM BOURGOGNE,340466663
PRONATURA EST,401806047
BIOGAM,305362170
FROBEUREST,407958784
FABIOPAIN,392742953
LOR VIANDES,794226878
BIOCOOP RESTAURATION,442365334
EPLUCH BIO,849540653
CARLA EPICES,655980779
TERRA  ALTER EST,828792770
LLD & CIE,849937024
THIERRY SCHMITT,880300579
HORNECKER DAVID,811097955
RIEGEL VINCENT,452175615
